bookingID,userID,roomID,bookDateTime,bookStartDateTime,bookEndDateTime,participants,userID_exists,roomID_exists
0,77,18,2025-07-21 01:24:34 PM,2025-07-22 09:02:33 AM,2025-07-22 10:07:01 AM,8,0,0
1,82,99,2025-07-12 11:54:09 PM,2025-07-19 09:10:28 PM,2025-07-19 10:59:59 PM,2,0,0
2,19,77,2025-07-21 04:52:57 AM,2025-07-25 05:17:21 PM,2025-07-25 07:28:38 PM,15,0,0
3,9,97,2025-07-24 08:04:07 PM,2025-07-29 07:00:01 AM,2025-07-29 09:54:35 AM,13,0,0
4,83,40,2025-07-14 11:24:09 PM,2025-07-15 07:00:01 AM,2025-07-15 08:00:59 AM,6,0,0
5,66,63,2025-07-19 09:05:50 AM,2025-07-22 01:23:42 PM,2025-07-22 02:25:51 PM,9,0,0
6,57,90,2025-07-07 07:52:41 AM,2025-07-13 07:00:01 AM,2025-07-13 08:47:59 AM,7,0,0
7,17,15,2025-06-30 09:18:09 PM,2025-07-06 07:00:01 AM,2025-07-06 08:17:09 AM,3,0,0
8,40,87,2025-07-13 02:45:08 PM,2025-07-20 07:00:01 AM,2025-07-20 07:47:44 AM,18,0,0
9,38,37,2025-07-06 09:59:49 AM,2025-07-10 07:20:21 PM,2025-07-10 08:37:53 PM,17,0,0
10,15,28,2025-07-10 09:59:46 AM,2025-07-13 07:00:01 AM,2025-07-13 08:07:56 AM,16,0,0
11,46,3,2025-07-23 10:57:44 PM,2025-07-29 03:09:14 PM,2025-07-29 05:19:58 PM,18,0,0
12,78,16,2025-06-30 01:12:49 PM,2025-07-05 09:14:09 AM,2025-07-05 11:08:36 AM,16,0,0
13,52,67,2025-07-21 08:25:28 PM,2025-07-23 08:58:42 AM,2025-07-23 09:48:50 AM,11,0,0
14,9,82,2025-07-26 03:26:02 PM,2025-07-30 07:49:51 PM,2025-07-30 10:41:07 PM,5,0,0
15,70,99,2025-07-25 12:56:28 AM,2025-07-30 07:00:01 AM,2025-07-30 08:05:15 AM,17,0,0
16,15,7,2025-07-24 02:45:55 PM,2025-07-26 02:46:30 PM,2025-07-26 04:39:32 PM,6,0,0
17,90,41,2025-07-09 08:12:55 PM,2025-07-13 07:00:01 AM,2025-07-13 09:51:42 AM,3,0,0
18,25,32,2025-08-02 05:01:34 AM,2025-08-03 05:32:04 PM,2025-08-03 07:17:00 PM,10,0,0
19,68,78,2025-07-05 10:02:17 AM,2025-07-07 07:00:01 AM,2025-07-07 08:16:03 AM,6,0,0
20,79,84,2025-07-31 01:18:30 AM,2025-07-31 09:37:21 AM,2025-07-31 10:18:35 AM,3,0,0
21,82,5,2025-07-22 08:33:42 PM,2025-07-29 07:15:31 PM,2025-07-29 08:43:04 PM,14,0,0
22,81,79,2025-06-30 06:34:39 PM,2025-07-04 07:00:01 AM,2025-07-04 09:58:59 AM,10,0,0
23,31,61,2025-07-20 05:29:09 PM,2025-07-21 02:47:26 PM,2025-07-21 05:21:16 PM,2,0,0
24,56,20,2025-07-20 04:01:14 AM,2025-07-22 03:29:47 PM,2025-07-22 06:06:36 PM,11,0,0
25,18,77,2025-07-24 05:33:45 AM,2025-07-28 10:12:32 AM,2025-07-28 12:09:43 PM,13,0,0
26,97,16,2025-07-16 04:12:40 PM,2025-07-20 01:12:37 PM,2025-07-20 02:11:36 PM,8,0,0
27,15,59,2025-07-26 01:55:01 PM,2025-07-28 07:00:01 AM,2025-07-28 08:37:42 AM,4,0,0
28,37,6,2025-07-19 06:38:11 AM,2025-07-22 07:00:01 AM,2025-07-22 09:24:11 AM,6,0,0
29,73,41,2025-07-10 04:58:56 PM,2025-07-16 06:09:45 PM,2025-07-16 07:23:15 PM,17,0,0
30,63,59,2025-07-28 06:34:02 PM,2025-07-29 08:50:45 PM,2025-07-29 09:27:04 PM,13,0,0
31,58,64,2025-07-12 05:54:47 PM,2025-07-13 08:08:08 AM,2025-07-13 10:14:29 AM,2,0,0
32,63,36,2025-07-29 05:07:47 AM,2025-08-01 04:24:35 PM,2025-08-01 07:03:05 PM,18,0,0
33,13,1,2025-07-17 09:13:48 PM,2025-07-22 07:49:13 AM,2025-07-22 09:31:26 AM,13,0,0
34,5,46,2025-07-16 04:47:39 AM,2025-07-20 02:26:12 PM,2025-07-20 03:49:21 PM,18,0,0
35,9,36,2025-07-27 03:33:47 PM,2025-08-03 07:46:13 AM,2025-08-03 10:19:11 AM,9,0,0
36,87,79,2025-07-30 02:47:24 AM,2025-07-31 07:00:01 AM,2025-07-31 08:05:09 AM,13,0,0
37,43,47,2025-07-29 04:13:21 AM,2025-07-30 10:17:36 PM,2025-07-30 10:59:59 PM,7,0,0
38,65,77,2025-07-29 05:45:17 PM,2025-07-30 07:00:01 AM,2025-07-30 07:41:00 AM,2,0,0
39,91,17,2025-07-13 07:14:49 AM,2025-07-19 02:33:48 PM,2025-07-19 05:13:09 PM,15,0,0
40,77,19,2025-07-22 01:57:28 PM,2025-07-26 10:47:10 AM,2025-07-26 12:46:43 PM,6,0,0
41,78,50,2025-07-11 04:03:03 AM,2025-07-17 07:52:01 AM,2025-07-17 09:53:52 AM,17,0,0
42,62,68,2025-07-29 02:06:16 AM,2025-07-29 07:00:01 AM,2025-07-29 09:39:41 AM,12,0,0
43,86,42,2025-07-05 01:23:06 PM,2025-07-09 07:03:09 AM,2025-07-09 09:26:53 AM,1,0,0
44,60,76,2025-07-16 04:46:38 AM,2025-07-16 07:47:07 PM,2025-07-16 09:19:15 PM,19,0,0
45,21,61,2025-07-26 01:29:11 PM,2025-07-28 08:34:45 AM,2025-07-28 10:48:34 AM,8,0,0
46,73,4,2025-07-12 12:46:06 AM,2025-07-17 09:16:48 AM,2025-07-17 09:51:58 AM,11,0,0
47,19,53,2025-07-22 10:10:38 PM,2025-07-27 09:45:29 PM,2025-07-27 10:59:59 PM,17,0,0
48,78,99,2025-07-31 02:43:52 PM,2025-08-02 07:00:01 AM,2025-08-02 07:47:01 AM,17,0,0
49,71,26,2025-07-12 09:49:33 AM,2025-07-18 06:55:55 PM,2025-07-18 09:36:32 PM,13,0,0
50,22,40,2025-07-22 03:14:26 AM,2025-07-26 07:00:01 AM,2025-07-26 09:55:35 AM,18,0,0
51,86,45,2025-07-13 08:22:40 AM,2025-07-15 04:25:43 PM,2025-07-15 07:07:55 PM,8,0,0
52,71,35,2025-07-16 01:45:18 AM,2025-07-19 01:59:00 PM,2025-07-19 03:50:16 PM,7,0,0
53,90,88,2025-07-21 11:10:12 AM,2025-07-25 04:48:58 PM,2025-07-25 07:29:59 PM,18,0,0
54,35,92,2025-07-10 05:31:47 PM,2025-07-15 08:10:25 AM,2025-07-15 11:08:44 AM,13,0,0
55,98,44,2025-07-05 07:10:19 PM,2025-07-09 07:00:01 AM,2025-07-09 07:41:30 AM,3,0,0
56,56,44,2025-07-22 04:37:20 PM,2025-07-25 07:00:01 AM,2025-07-25 09:40:50 AM,7,0,0
57,34,68,2025-07-29 08:19:18 PM,2025-07-31 12:21:19 PM,2025-07-31 02:05:29 PM,4,0,0
58,94,78,2025-07-29 04:09:50 PM,2025-07-30 07:00:01 AM,2025-07-30 08:36:13 AM,17,0,0
59,81,28,2025-07-08 11:31:20 AM,2025-07-13 11:57:17 AM,2025-07-13 12:54:38 PM,11,0,0
60,60,91,2025-07-19 05:26:28 AM,2025-07-19 07:00:01 AM,2025-07-19 08:07:33 AM,18,0,0
61,52,20,2025-07-21 08:51:53 AM,2025-07-24 08:34:51 PM,2025-07-24 09:59:18 PM,11,0,0
62,82,36,2025-07-30 07:43:19 AM,2025-08-06 07:00:01 AM,2025-08-06 07:54:26 AM,8,0,0
63,94,68,2025-07-29 06:49:23 AM,2025-08-03 08:35:27 AM,2025-08-03 09:53:15 AM,6,0,0
64,50,4,2025-07-25 03:46:05 AM,2025-07-25 02:43:51 PM,2025-07-25 04:32:53 PM,1,0,0
65,72,38,2025-07-27 03:10:20 AM,2025-07-30 02:06:24 PM,2025-07-30 04:07:53 PM,15,0,0
66,69,82,2025-07-26 07:44:19 AM,2025-08-01 10:39:04 AM,2025-08-01 11:45:42 AM,15,0,0
67,24,34,2025-07-01 09:36:15 PM,2025-07-07 11:19:21 AM,2025-07-07 12:33:43 PM,9,0,0
68,23,91,2025-07-17 11:46:58 PM,2025-07-21 01:45:53 PM,2025-07-21 03:47:56 PM,19,0,0
69,96,86,2025-07-05 05:12:03 PM,2025-07-10 09:49:42 PM,2025-07-10 10:59:59 PM,17,0,0
70,11,41,2025-07-20 05:52:01 AM,2025-07-22 11:44:18 AM,2025-07-22 12:40:20 PM,5,0,0
71,41,61,2025-07-23 07:31:59 PM,2025-07-28 11:18:25 AM,2025-07-28 12:59:37 PM,8,0,0
72,96,57,2025-07-13 04:32:37 AM,2025-07-16 08:32:30 PM,2025-07-16 10:32:30 PM,19,0,0
73,73,92,2025-07-15 10:07:20 AM,2025-07-18 07:00:01 AM,2025-07-18 09:08:11 AM,2,0,0
74,15,85,2025-07-24 08:51:51 AM,2025-07-29 07:00:01 AM,2025-07-29 08:13:37 AM,17,0,0
75,98,90,2025-07-11 09:04:46 PM,2025-07-15 11:03:55 AM,2025-07-15 12:05:58 PM,12,0,0
76,28,78,2025-07-27 11:40:11 AM,2025-08-02 07:00:01 AM,2025-08-02 08:06:29 AM,5,0,0
77,95,58,2025-07-24 08:55:03 PM,2025-07-31 12:56:37 PM,2025-07-31 03:20:10 PM,16,0,0
78,68,96,2025-07-12 10:02:54 PM,2025-07-13 09:56:41 PM,2025-07-13 10:59:59 PM,17,0,0
79,67,57,2025-07-18 01:09:32 AM,2025-07-18 07:11:50 PM,2025-07-18 08:12:28 PM,18,0,0
80,25,64,2025-08-03 10:23:14 AM,2025-08-05 10:21:43 AM,2025-08-05 11:32:38 AM,11,0,0
81,56,66,2025-07-21 12:47:13 PM,2025-07-27 11:13:06 AM,2025-07-27 12:39:11 PM,3,0,0
82,57,65,2025-07-08 12:16:25 PM,2025-07-14 05:49:04 PM,2025-07-14 06:55:05 PM,14,0,0
83,72,58,2025-07-29 02:12:57 PM,2025-08-02 08:01:36 AM,2025-08-02 10:37:51 AM,1,0,0
84,32,50,2025-07-18 06:53:04 PM,2025-07-19 04:12:21 PM,2025-07-19 05:41:51 PM,2,0,0
85,44,54,2025-07-04 09:32:20 PM,2025-07-05 05:41:31 PM,2025-07-05 06:27:58 PM,16,0,0
86,36,4,2025-07-21 04:30:40 AM,2025-07-26 07:00:01 AM,2025-07-26 08:06:59 AM,12,0,0
87,57,48,2025-07-13 10:02:11 PM,2025-07-20 11:10:08 AM,2025-07-20 12:02:02 PM,5,0,0
88,44,83,2025-07-02 12:40:38 PM,2025-07-07 07:12:49 AM,2025-07-07 10:09:31 AM,17,0,0
89,93,16,2025-07-23 12:19:42 AM,2025-07-23 07:00:01 AM,2025-07-23 07:30:57 AM,10,0,0
90,86,59,2025-07-26 04:28:41 PM,2025-07-31 07:00:01 AM,2025-07-31 09:55:16 AM,8,0,0
91,58,31,2025-07-16 12:03:05 AM,2025-07-18 07:00:01 AM,2025-07-18 08:45:17 AM,4,0,0
92,84,4,2025-07-25 08:51:05 AM,2025-07-28 07:00:01 AM,2025-07-28 07:34:17 AM,7,0,0
93,12,8,2025-07-29 08:12:44 AM,2025-07-29 10:26:24 PM,2025-07-29 10:59:59 PM,8,0,0
94,5,94,2025-07-15 05:44:02 PM,2025-07-22 07:00:01 AM,2025-07-22 08:34:00 AM,7,0,0
95,99,96,2025-07-10 08:54:01 PM,2025-07-14 09:12:15 AM,2025-07-14 11:59:50 AM,8,0,0
96,73,93,2025-07-17 09:56:50 AM,2025-07-20 07:00:01 AM,2025-07-20 08:57:34 AM,10,0,0
97,84,18,2025-07-25 03:25:23 PM,2025-07-29 07:00:01 AM,2025-07-29 09:22:56 AM,9,0,0
98,71,7,2025-07-24 04:14:12 AM,2025-07-29 08:43:04 AM,2025-07-29 10:00:53 AM,18,0,0
99,6,63,2025-07-19 02:11:04 AM,2025-07-25 10:59:43 AM,2025-07-25 01:13:47 PM,11,0,0
